date,B_EMU_BD,B_UKI_BD,B_CAN_BD,B_USA_BD
1990-01-01,59.0324212998,52.4,76.7,127.4
1990-02-01,59.2799366931,52.9,77.2,128
1990-03-01,59.2799366931,53.1,77.5,128.7
1990-04-01,59.4036943897,54.4,77.5,128.9
1990-05-01,59.5274520864,55,77.9,129.2
1990-06-01,59.5893309347,55.2,78.2,129.9
1990-07-01,59.5893309347,55.2,78.5,130.4
1990-08-01,59.7749674797,55.7,78.6,131.6
1990-09-01,59.9606040246,56.2,78.8,132.7
1990-10-01,60.3937559629,56.7,79.5,133.5
1990-11-01,60.2699982663,56.9,80,133.8
1990-12-01,60.3318771146,57,79.9,133.8
1991-01-01,60.7031502045,57,82,134.6
1991-02-01,60.968615876,57.2,82,134.8
1991-03-01,60.968615876,57.5,82.3,135
1991-04-01,61.2340815474,58.7,82.3,135.2
1991-05-01,61.4110586617,59.2,82.7,135.6
1991-06-01,61.7650128903,59.5,83.1,136
1991-07-01,62.4729213475,59.3,83.2,136.2
1991-08-01,62.4729213475,59.9,83.3,136.6
1991-09-01,62.4729213475,60.1,83.1,137.2
1991-10-01,63.4462954761,60.4,83,137.4
1991-11-01,63.7117611476,60.5,83.3,137.8
1991-12-01,63.8002497047,60.7,82.9,137.9
1992-01-01,64.1542039333,60.5,83.3,138.1
1992-02-01,64.5081581619,60.8,83.3,138.6
1992-03-01,64.7736238334,61.1,83.6,139.3
1992-04-01,65.0390895048,61.8,83.7,139.5
1992-05-01,65.2160666191,62.2,83.8,139.7
1992-06-01,65.3930437334,62.2,84,140.2
1992-07-01,65.5700208477,62,84.2,140.5
1992-08-01,65.5700208477,62.1,84.2,140.9
1992-09-01,65.5700208477,62.3,84.2,141.3
1992-10-01,65.5700208477,62.5,84.3,141.8
1992-11-01,65.8354865192,62.5,84.7,142
1992-12-01,65.9239750763,62.6,84.7,141.9
1993-01-01,67.0743263193,62.4,85,142.6
1993-02-01,67.6052576622,62.7,85.3,143.1
1993-03-01,67.7822347765,63,85.2,143.6
1993-04-01,67.9592118908,63.4,85.2,144
1993-05-01,68.0477004479,63.6,85.4,144.2
1993-06-01,68.2246775622,63.6,85.4,144.4
1993-07-01,68.5786317908,63.4,85.6,144.4
1993-08-01,68.5786317908,63.7,85.7,144.8
1993-09-01,68.4901432337,64,85.7,145.1
1993-10-01,68.4901432337,64,85.9,145.7
1993-11-01,68.5786317908,63.8,86.3,145.8
1993-12-01,68.7556089051,64,86.1,145.8
1994-01-01,69.1095631337,64,86.1,146.2
1994-02-01,69.6404944766,64.2,85.4,146.7
1994-03-01,69.7289830338,64.4,85.4,147.2
1994-04-01,69.8174715909,64.9,85.4,147.4
1994-05-01,69.9944487052,65.1,85.2,147.5
1994-06-01,70.0829372624,65.1,85.4,148
1994-07-01,70.2599143767,64.7,85.7,148.4
1994-08-01,70.436891491,65.1,85.8,149
1994-09-01,70.2599143767,65.2,85.9,149.4
1994-10-01,70.1714258195,65.1,85.7,149.5
1994-11-01,70.2599143767,65.2,86.2,149.7
1994-12-01,70.436891491,65.5,86.3,149.7
1995-01-01,70.7023571624,65.5,86.6,150.3
1995-02-01,71.056311391,65.7,87,150.9
1995-03-01,71.056311391,66,87.2,151.4
1995-04-01,71.1447999482,66.4,87.5,151.9
1995-05-01,71.1447999482,66.7,87.7,152.2
1995-06-01,71.2332885053,66.8,87.7,152.5
1995-07-01,71.4102656196,66.6,87.9,152.5
1995-08-01,71.4102656196,66.9,87.7,152.9
1995-09-01,71.4102656196,67.2,87.8,153.2
1995-10-01,71.2332885053,67.1,87.7,153.7
1995-11-01,71.2332885053,67.1,88,153.6
1995-12-01,71.4987541767,67.5,87.8,153.5
1996-01-01,71.675731291,67.4,88,154.4
1996-02-01,72.1181740768,67.7,88.1,154.9
1996-03-01,72.1181740768,67.9,88.5,155.7
1996-04-01,72.1181740768,68.3,88.7,156.3
1996-05-01,72.2066626339,68.6,89,156.6
1996-06-01,72.2951511911,68.7,89,156.7
1996-07-01,72.3836397482,68.3,89,157
1996-08-01,72.3836397482,68.7,89,157.3
1996-09-01,72.3836397482,69,89.1,157.8
1996-10-01,72.3836397482,69.1,89.3,158.3
1996-11-01,72.2951511911,69.2,89.7,158.6
1996-12-01,72.5606168625,69.4,89.7,158.6
1997-01-01,73.1800367626,69.2,89.9,159.1
1997-02-01,73.2685253197,69.3,90.1,159.6
1997-03-01,73.2685253197,69.4,90.2,160
1997-04-01,73.1800367626,69.7,90.2,160.2
1997-05-01,73.3570138769,70,90.3,160.1
1997-06-01,73.445502434,70.1,90.5,160.3
1997-07-01,74.0649223341,70,90.5,160.5
1997-08-01,74.1534108912,70.3,90.6,160.8
1997-09-01,73.9764337769,70.5,90.6,161.2
1997-10-01,73.8879452198,70.6,90.6,161.6
1997-11-01,73.8879452198,70.6,90.5,161.5
1997-12-01,74.0649223341,70.7,90.4,161.3
1998-01-01,74.0649223341,70.4,90.9,161.6
1998-02-01,74.2418994484,70.6,91,161.9
1998-03-01,74.1534108912,70.8,91.1,162.2
1998-04-01,74.2418994484,71.2,91,162.5
1998-05-01,74.3303880055,71.5,91.3,162.8
1998-06-01,74.4188765627,71.4,91.4,163
1998-07-01,74.6843422341,71.2,91.4,163.2
1998-08-01,74.5073651198,71.4,91.4,163.4
1998-09-01,74.3303880055,71.7,91.2,163.6
1998-10-01,74.2418994484,71.7,91.6,164
1998-11-01,74.2418994484,71.8,91.6,164
1998-12-01,74.3303880055,72,91.3,163.9
1999-01-01,74.2418994484,71.8,91.5,164.3
1999-02-01,74.3303880055,71.9,91.6,164.5
1999-03-01,74.3303880055,72.3,92,165
1999-04-01,74.6843422341,72.6,92.5,166.2
1999-05-01,74.6843422341,72.8,92.7,166.2
1999-06-01,74.7728307913,72.7,92.9,166.2
1999-07-01,75.1267850199,72.4,93.1,166.7
1999-08-01,75.0382964627,72.6,93.3,167.1
1999-09-01,74.8613193484,72.8,93.6,167.9
1999-10-01,74.7728307913,72.8,93.7,168.2
1999-11-01,74.9498079056,72.9,93.6,168.3
1999-12-01,75.215273577,73.1,93.7,168.3
2000-01-01,75.3922506913,72.6,93.5,168.8
2000-02-01,75.4807392485,72.8,94.1,169.8
2000-03-01,75.4807392485,73,94.8,171.2
2000-04-01,75.4807392485,73.3,94.5,171.3
2000-05-01,75.3922506913,73.5,94.9,171.5
2000-06-01,75.7462049199,73.6,95.5,172.4
2000-07-01,76.1001591485,73.3,95.8,172.8
2000-08-01,75.9231820342,73.3,95.7,172.8
2000-09-01,76.1001591485,73.8,96.1,173.7
2000-10-01,76.0116705914,73.8,96.3,174
2000-11-01,76.1001591485,74,96.6,174.1
2000-12-01,76.7195790486,74,96.7,174
2001-01-01,76.4541133771,73.5,96.3,175.1
2001-02-01,76.8965561629,73.7,96.8,175.8
2001-03-01,76.8965561629,73.9,97.1,176.2
2001-04-01,77.2505103915,74.4,97.8,176.9
2001-05-01,77.5159760629,74.9,98.6,177.7
2001-06-01,77.6044646201,75,98.7,178
2001-07-01,77.6929531772,74.5,98.4,177.5
2001-08-01,77.5159760629,74.8,98.4,177.5
2001-09-01,77.5159760629,75,98.6,178.3
2001-10-01,77.4274875058,74.9,98.1,177.7
2001-11-01,77.2505103915,74.9,97.2,177.4
2001-12-01,77.9584188487,75,97.4,176.7
2002-01-01,78.0469074058,74.8,97.6,177.1
2002-02-01,78.3123730773,75,98.2,177.8
2002-03-01,78.4893501916,75.2,98.9,178.8
2002-04-01,78.4008616344,75.6,99.5,179.8
2002-05-01,78.4893501916,75.8,99.7,179.8
2002-06-01,78.4893501916,75.8,99.9,179.9
2002-07-01,78.5778387487,75.6,100.5,180.1
2002-08-01,78.4893501916,75.8,100.9,180.7
2002-09-01,78.4893501916,76,100.9,181
2002-10-01,78.4008616344,76.1,101.2,181.3
2002-11-01,78.135395963,76.1,101.5,181.3
2002-12-01,78.8433044202,76.3,101.1,180.9
2003-01-01,78.8433044202,75.9,102,181.7
2003-02-01,79.2857472059,76.1,102.8,183.1
2003-03-01,79.374235763,76.4,103.1,184.2
2003-04-01,79.1087700916,76.8,102.4,183.8
2003-05-01,78.9317929773,76.8,102.5,183.5
2003-06-01,79.1972586487,76.7,102.5,183.7
2003-07-01,79.374235763,76.6,102.6,183.9
2003-08-01,79.374235763,76.8,102.9,184.6
2003-09-01,79.2857472059,77,103.1,185.2
2003-10-01,79.2857472059,77.1,102.8,185
2003-11-01,79.1087700916,77.1,103.1,184.5
2003-12-01,79.7281899916,77.3,103.2,184.3
2004-01-01,79.7281899916,77,103.3,185.2
2004-02-01,79.9051671059,77.2,103.5,186.2
2004-03-01,80.1706327774,77.3,103.9,187.4
2004-04-01,80.4360984488,77.6,104.1,188
2004-05-01,80.6130755631,77.9,105,189.1
2004-06-01,80.6130755631,77.9,105.1,189.7
2004-07-01,80.7900526774,77.7,105,189.4
2004-08-01,80.8785412346,77.9,104.8,189.5
2004-09-01,80.7015641203,77.9,105,189.9
2004-10-01,80.7900526774,78.1,105.2,190.9
2004-11-01,80.6130755631,78.3,105.6,191
2004-12-01,81.4979611346,78.6,105.4,190.3
2005-01-01,80.8785412346,78.3,105.3,190.7
2005-02-01,81.2324954632,78.5,105.7,191.8
2005-03-01,81.5864496918,78.8,106.3,193.3
2005-04-01,81.4094725775,79.1,106.6,194.6
2005-05-01,81.5864496918,79.4,106.7,194.4
2005-06-01,81.6749382489,79.4,106.9,194.5
2005-07-01,82.0288924775,79.5,107.1,195.4
2005-08-01,82.1173810347,79.7,107.5,196.4
2005-09-01,82.2058695918,79.9,108.4,198.8
2005-10-01,82.294358149,80,107.9,199.2
2005-11-01,82.0288924775,80,107.7,197.6
2005-12-01,82.6483123776,80.3,107.6,196.8
2006-01-01,82.3828467061,80,108.2,198.3
2006-02-01,82.7368009347,80.2,108,198.7
2006-03-01,82.7368009347,80.4,108.6,199.8
2006-04-01,83.0022666062,80.9,109.2,201.5
2006-05-01,83.0022666062,81.3,109.7,202.5
2006-06-01,83.1792437205,81.5,109.5,202.9
2006-07-01,83.5331979491,81.5,109.6,203.5
2006-08-01,83.3562208348,81.8,109.8,203.9
2006-09-01,83.0907551633,81.9,109.2,202.9
2006-10-01,83.1792437205,82,109,201.8
2006-11-01,83.1792437205,82.2,109.2,201.5
2006-12-01,83.7986636205,82.6,109.4,201.8
2007-01-01,83.7986636205,82.1,109.4,202.416
2007-02-01,84.1526178491,82.4,110.2,203.499
2007-03-01,84.3295949634,82.8,111.1,205.352
2007-04-01,84.7720377492,83.1,111.6,206.686
2007-05-01,84.7720377492,83.3,112.1,207.949
2007-06-01,84.7720377492,83.5,111.9,208.352
2007-07-01,85.2144805349,83.1,112,208.299
2007-08-01,85.1259919778,83.4,111.7,207.917
2007-09-01,85.3029690921,83.5,111.9,208.49
2007-10-01,85.4799462064,83.8,111.6,208.936
2007-11-01,85.9223889921,84.1,111.9,210.177
2007-12-01,86.453320335,84.5,112,210.036
2008-01-01,86.1878546636,84.1,111.8,211.08
2008-02-01,86.5418088922,84.6,112.2,211.693
2008-03-01,86.9842516779,84.9,112.6,213.528
2008-04-01,86.8072745636,85.6,113.5,214.823
2008-05-01,87.3382059065,86.1,114.6,216.632
2008-06-01,87.5151830208,86.6,115.4,218.815
2008-07-01,88.0461143637,86.6,115.8,219.964
2008-08-01,87.7806486922,87.1,115.6,219.086
2008-09-01,87.6921601351,87.5,115.7,218.783
2008-10-01,87.5151830208,87.3,114.5,216.573
2008-11-01,87.0727402351,87.3,114.1,212.425
2008-12-01,87.4266944636,87.1,113.3,210.228
2009-01-01,86.9842516779,86.6,113,211.143
2009-02-01,87.5151830208,87.2,113.8,212.193
2009-03-01,87.3382059065,87.3,114,212.709
2009-04-01,87.4266944636,87.5,113.9,213.24
2009-05-01,87.3382059065,87.9,114.7,213.856
2009-06-01,87.6036715779,88.1,115.1,215.693
2009-07-01,87.6036715779,88,114.7,215.351
2009-08-01,87.7806486922,88.3,114.7,215.834
2009-09-01,87.5151830208,88.3,114.7,215.969
2009-10-01,87.5151830208,88.4,114.6,216.177
2009-11-01,87.4266944636,88.6,115.2,216.33
2009-12-01,88.1346029208,88.9,114.8,215.949
2010-01-01,87.6036715779,88.8,115.1,216.687
2010-02-01,87.9576258065,89,115.6,216.741
2010-03-01,88.4000685923,89.4,115.6,217.631
2010-04-01,88.4885571494,89.9,116,218.009
2010-05-01,88.4000685923,90.1,116.3,218.178
2010-06-01,88.4000685923,90.2,116.2,217.965
2010-07-01,88.5770457066,90,116.8,218.011
2010-08-01,88.6655342637,90.4,116.7,218.312
2010-09-01,88.5770457066,90.4,116.9,218.439
2010-10-01,88.6655342637,90.6,117.4,218.711
2010-11-01,88.7540228209,90.9,117.5,218.803
2010-12-01,89.2849541638,91.7,117.5,219.179
2011-01-01,89.1079770495,91.8,117.8,220.223
2011-02-01,89.6389083924,92.3,118.1,221.309
2011-03-01,90.1698397353,92.6,119.4,223.467
2011-04-01,90.1698397353,93.3,119.8,224.906
2011-05-01,90.1698397353,93.5,120.6,225.964
2011-06-01,90.2583282924,93.5,119.8,225.722
2011-07-01,90.4353054067,93.5,120,225.922
2011-08-01,90.5237939639,93.9,120.3,226.545
2011-09-01,90.7007710782,94.5,120.6,226.889
2011-10-01,90.7007710782,94.5,120.8,226.421
2011-11-01,90.8777481925,94.7,120.9,226.23
2011-12-01,91.0547253068,95,120.2,225.672
2012-01-01,90.9662367496,94.7,120.7,226.665
2012-02-01,91.5856566497,95.2,121.2,227.663
2012-03-01,92.1165879926,95.4,121.7,229.392
2012-04-01,91.9396108783,95.9,122.2,230.085
2012-05-01,91.9396108783,95.9,122.1,229.815
2012-06-01,91.762633764,95.6,121.6,229.478
2012-07-01,92.1165879926,95.7,121.5,229.104
2012-08-01,92.4705422212,96.1,121.8,230.379
2012-09-01,92.5590307783,96.4,122,231.407
2012-10-01,92.5590307783,96.8,122.2,231.317
2012-11-01,92.6475193355,97,121.9,230.221
2012-12-01,92.9129850069,97.3,121.2,229.601
2013-01-01,92.4705422212,97,121.3,230.28
2013-02-01,93.0014735641,97.5,122.7,232.166
2013-03-01,93.4439163498,97.8,122.9,232.773
2013-04-01,93.0014735641,98,122.7,232.531
2013-05-01,93.3554277927,98.2,123,232.945
2013-06-01,93.4439163498,98,123,233.504
2013-07-01,93.8863591356,98,123.1,233.596
2013-08-01,93.8863591356,98.4,123.1,233.877
2013-09-01,93.8863591356,98.7,123.3,234.149
2013-10-01,93.7093820213,98.8,123,233.546
2013-11-01,93.8863591356,98.8,123,233.069
2013-12-01,94.2403133642,99.2,122.7,233.049
2014-01-01,93.7093820213,98.7,123.1,233.916
2014-02-01,94.151824807,99.1,124.1,234.781
2014-03-01,94.4172904785,99.3,124.8,236.293
2014-04-01,94.2403133642,99.6,125.2,237.072
2014-05-01,94.151824807,99.6,125.8,237.9
2014-06-01,94.4172904785,99.8,125.9,238.343
2014-07-01,94.6827561499,99.6,125.7,238.25
2014-08-01,94.6827561499,99.9,125.7,237.852
2014-09-01,94.6827561499,100,125.8,238.031
2014-10-01,94.4172904785,100.1,125.9,237.433
2014-11-01,94.4172904785,99.9,125.4,236.151
2014-12-01,94.4172904785,99.9,124.5,234.812
2015-01-01,93.4439163498,99.2,124.3,233.707
2015-02-01,94.1079847909,99.5,125.4,234.722
2015-03-01,94.5823193916,99.6,126.3,236.119
2015-04-01,95.0566539924,99.9,126.2,236.599
2015-05-01,95.2463878327,100.1,126.9,237.805
2015-06-01,95.2463878327,100.1,127.2,238.638
2015-07-01,95.436121673,100,127.3,238.654
2015-08-01,95.436121673,100.3,127.3,238.316
2015-09-01,95.2463878327,100.2,127.1,237.945
2015-10-01,95.2463878327,100.3,127.2,237.838
2015-11-01,94.5823193916,100.3,127.1,237.336
2015-12-01,94.5823193916,100.4,126.5,236.525
2016-01-01,93.9182509506,99.9,126.8,236.916
2016-02-01,94.202851711,100.1,127.1,237.111
2016-03-01,94.8669201521,100.4,127.9,238.132
2016-04-01,94.9617870722,100.6,128.3,239.261
2016-05-01,95.436121673,100.8,128.8,240.229
2016-06-01,95.5309885932,101,129.1,241.018
2016-07-01,95.9104562738,100.9,128.9,240.628
2016-08-01,95.8155893536,101.2,128.7,240.849
2016-09-01,95.8155893536,101.5,128.8,241.428
2016-10-01,96.0053231939,101.6,129.1,241.729
2016-11-01,95.3412547529,101.8,128.6,241.353
2016-12-01,96.0053231939,102.2,128.4,241.432
2017-01-01,95.436121673,101.8,129.5,242.839
2017-02-01,96.0053231939,102.4,129.7,243.603
2017-03-01,96.1950570342,102.7,129.9,243.801
2017-04-01,96.5745247148,103.2,130.4,244.524
2017-05-01,96.5745247148,103.5,130.5,244.733
2017-06-01,96.8591254753,103.5,130.4,244.955
2017-07-01,97.2385931559,103.5,130.4,244.786
2017-08-01,97.333460076,104,130.5,245.519
2017-09-01,97.4283269962,104.3,130.8,246.819
2017-10-01,97.2385931559,104.4,130.9,246.663
2017-11-01,96.8591254753,104.7,131.3,246.669
2017-12-01,97.333460076,105,130.8,246.524
2018-01-01,96.7642585551,104.5,131.7,247.867
2018-02-01,97.0488593156,104.9,132.5,248.991
2018-03-01,97.6180608365,105.1,132.9,249.554
2018-04-01,97.8077946768,105.5,133.3,250.546
2018-05-01,98.566730038,105.9,133.4,251.588
2018-06-01,98.6615969582,105.9,133.6,251.989
2018-07-01,99.0410646388,105.9,134.3,252.006
2018-08-01,99.1359315589,106.5,134.2,252.146
2018-09-01,99.3256653992,106.6,133.7,252.439
2018-10-01,99.5153992395,106.7,134.1,252.885
2018-11-01,98.8513307985,106.9,133.5,252.038
2018-12-01,98.8513307985,107.1,133.4,251.233
2019-01-01,98.0923954373,106.4,133.6,251.712
2019-02-01,98.4718631179,106.8,134.5,252.776
2019-03-01,98.8513307985,107,135.4,254.202
2019-04-01,99.8,107.6,136,255.548
2019-05-01,99.9897338403,107.9,136.6,256.092
2019-06-01,100.274334601,107.9,136.3,256.143
2019-07-01,100.748669202,108,137,256.571
2019-08-01,100.558935361,108.3,136.8,256.558
2019-09-01,100.558935361,108.4,136.2,256.759
2019-10-01,100.653802281,108.3,136.6,257.346
2019-11-01,99.8948669202,108.5,136.4,257.208
2019-12-01,100.369201521,108.5,136.4,256.974
2020-01-01,99.8,108.3,136.8,257.971
2020-02-01,100.1,108.6,137.4,258.678
2020-03-01,100.3,108.6,136.6,258.115
2020-04-01,100.4,108.6,135.7,256.389
2020-05-01,100.4,108.6,136.1,256.394
2020-06-01,100.5,108.8,137.2,257.797
2020-07-01,99.7,109.2,137.2,259.101
2020-08-01,99.7,108.8,137,259.918
2020-09-01,99.7,109.2,136.9,260.28
2020-10-01,99.9,109.2,137.5,260.388
2020-11-01,99.7,109.1,137.7,260.229
2020-12-01,99.8,109.4,137.4,260.474
2021-01-01,101,109.3,138.2,261.582
2021-02-01,101.6,109.4,138.9,263.014
2021-03-01,102.1,109.7,139.6,264.877
2021-04-01,102.4,110.4,140.3,267.054
2021-05-01,102.6,111,141,269.195
2021-06-01,102.9,111.4,141.4,271.696
2021-07-01,103.4,111.4,142.3,273.003
2021-08-01,103.5,112.1,142.6,273.567
2021-09-01,103.8,112.4,142.9,274.31
2021-10-01,104.3,113.4,143.9,276.589
2021-11-01,104.5,114.1,144.2,277.948
2021-12-01,104.7,114.7,144,278.802
2022-01-01,105.2,114.6,145.3,281.148
2022-02-01,106,115.4,146.8,283.716
2022-03-01,108.1,116.5,148.9,287.504
2022-04-01,108.8,119,149.8,289.109
2022-05-01,109.8,119.7,151.9,292.296
2022-06-01,109.8,120.5,152.9,296.311
2022-07-01,110.3,121.2,153.1,296.276
2022-08-01,110.7,121.8,152.6,296.171
2022-09-01,112.7,122.3,152.7,296.808
2022-10-01,113.5,124.3,153.8,298.012
2022-11-01,113.7,124.8,154,297.711
2022-12-01,113.2,125.3,153.1,296.797
2023-01-01,114.3,124.8,153.9,299.17
2023-02-01,115.2,126,154.5,300.84
2023-03-01,116.1,126.8,155.3,301.836
2023-04-01,116.6,128.3,156.4,303.363
2023-05-01,116.5,129.1,157,304.127
2023-06-01,116.8,129.4,157.2,305.109
2023-07-01,117.1,129,158.1,305.691
2023-08-01,117.5,129.4,158.7,307.026
2023-09-01,117.8,130.1,158.5,307.789
2023-10-01,117.8,130.2,158.6,307.671
2023-11-01,117.3,130,158.8,307.051
2023-12-01,,,,306.746
2024-01-01,,,,308.417
2024-02-01,,,,310.326
2024-03-01,,,,312.332
2024-04-01,,,,313.548
2024-05-01,,,,314.069
2024-06-01,,,,314.175
2024-07-01,,,,314.54
2024-08-01,,,,314.796
2024-09-01,,,,315.301
2024-10-01,,,,315.664
2024-11-01,,,,315.493
2024-12-01,,,,315.605
2025-01-01,,,,317.671
2025-02-01,,,,319.082
2025-03-01,,,,319.799
2025-04-01,,,,320.795
2025-05-01,,,,321.465
2025-06-01,,,,322.561
2025-07-01,,,,323.048
2025-08-01,,,,323.976
2025-09-01,,,,324.8
2025-11-01,,,,324.122
2025-12-01,,,,324.054
2026-01-01,,,,325.252
2026-02-01,,,,326.785
2026-03-01,,,,330.213
2026-04-01,,,,333.02
2026-05-01,,,,335.123
2026-06-01,,,,333.952
2026-07-01,,,,333.918
2026-08-01,,,,334.98
