date,B_USA_BD
1990-08-01,0
1990-08-01,-0.2
1990-11-01,-0.05
1991-02-01,-0.65
1991-05-01,0.1
1991-08-01,-0.01
1991-11-01,-0.2
1992-02-01,-0.2
1992-05-01,0.05
1992-08-01,-0.3
1992-11-01,-0.1
1993-02-01,-0.2
1993-05-01,0.2
1993-08-01,-0.2
1993-11-01,-0.25
1994-02-01,0.2
1994-05-01,0
1994-08-01,0
1994-11-01,0
1995-02-01,0
1995-05-01,0.05
1995-08-01,-0.2
1995-11-01,-0.3
1996-03-01,-0.2
1996-05-01,0.1
1996-08-01,0
1996-11-01,-0.01
1997-02-01,0.1
1997-05-01,-0.05
1997-08-01,-0.1
1997-11-01,-0.2
1998-02-01,-0.2
1998-05-01,0.15
1998-08-01,-0.1
1998-11-01,-0.1
1999-02-01,-0.15
1999-05-01,-0.05
1999-08-01,0.2
1999-11-01,0
2000-02-01,-0.1
2000-05-01,0.2
2000-08-01,0.075
2000-11-01,0
2001-02-01,-0.2
2001-05-01,0
2001-08-01,0.1
2001-11-01,-0.55
2002-02-01,-0.15
2002-05-01,0.1
2002-08-01,-0.1
2002-11-01,-0.2
2003-02-01,0
2003-05-01,0
2003-08-01,-0.4
2003-11-01,0.15
2004-02-01,-0.49
2004-05-01,0.3275
2004-08-01,0.1
2004-11-01,-0.056
2005-02-01,-0.008
2005-05-01,0.1
2005-08-01,0.1
2005-11-01,0
2006-02-01,0.018
2006-05-01,0.0038
2006-08-01,0.3
2006-11-01,0.0333
2007-02-01,-0.0967
2007-05-01,0.1267
2007-08-01,-0.15
2007-11-01,-0.045
2008-02-01,0.0094
2008-05-01,0.2
2008-08-01,-0.1
2008-11-01,-0.1
2009-02-01,-0.4282
2009-05-01,-0.2
2009-08-01,-0.1
2009-11-01,-0.225
2010-02-01,0.1042
2010-05-01,-0.14
2010-08-01,-0.4
2010-11-01,-0.1828
2011-02-01,0
2011-05-01,0.25
2011-08-01,-0.0217
2011-11-01,0
2012-02-01,0.1239
2012-05-01,0.1
2012-08-01,-0.0724
2012-11-01,-0.0348
2013-02-01,-0.1637
2013-05-01,-0.1
2013-08-01,-0.2657
2013-11-01,-0.0992
2014-02-01,-0.1772
2014-05-01,0.01
2014-08-01,0.16
2014-11-01,-0.135
2015-02-01,-0.0442
2015-05-01,-0.1575
2015-08-01,0.0568
2015-11-01,-0.149
2016-02-01,-0.0706
2016-05-01,-0.1154
2016-08-01,0.0937
2016-11-01,-0.08
2017-02-01,0.2351
2017-05-01,0
2017-08-01,-0.0766
2017-11-01,-0.0045
2018-02-01,0.1272
2018-05-01,0
2018-08-01,-0.1872
2018-11-01,0.05
2019-03-01,-0.2
2019-05-01,-0.1349
2019-08-01,0
2019-11-01,0.0997
2020-02-01,0.1331
2020-05-01,-0.2
2020-08-01,-0.4
2020-11-01,0
2021-02-01,0.0318
2021-05-01,0.1
2021-08-01,0.0613
2021-11-01,0.0367
2022-02-01,0.3582
2022-05-01,0.6142
2022-08-01,0.3663
2022-11-01,0.1
2023-02-01,-0.1619
2023-05-01,0.1
2023-08-01,0.1325
2023-11-01,-0.092
2024-02-01,-0.0453
2024-05-01,0.1381
2024-08-01,0.0385
2024-11-01,-0.098
2025-02-01,0.4118
2025-05-01,0.2856
2025-08-01,-0.0723
2025-11-01,0.1
2026-03-01,-0.1
2026-05-01,0.0801
2026-08-01,-0.0792
