date,B_USA_BD,B_EMU_BD,B_UKI_BD,B_CAN_BD
1990-01-01,8.21,7.695,10.89,9.83772727273
1990-02-01,8.47,8.575,11.33,10.283
1990-03-01,8.59,8.645,12.42,10.8059090909
1990-04-01,8.79,8.7625,12.74,11.5185
1990-05-01,8.76,8.715,12.41,11.145
1990-06-01,8.48,8.8325,11.8,10.74
1990-07-01,8.47,8.545,11.84,10.6542857143
1990-08-01,8.75,8.9975,12.15,10.705
1990-09-01,8.89,9.105,12.1,10.9794736842
1990-10-01,8.72,9.0675,11.74,11.1827272727
1990-11-01,8.39,8.9325,11.37,10.6185714286
1990-12-01,8.08,8.845,10.84,10.2547368421
1991-01-01,8.09,8.9275,10.59,10.1163636364
1991-02-01,7.85,8.35,10.13,9.551
1991-03-01,8.11,8.4275,10.29,9.621
1991-04-01,8.04,8.3575,10.19,9.52045454545
1991-05-01,8.07,8.395,10.38,9.58181818182
1991-06-01,8.28,8.4075,10.58,9.9265
1991-07-01,8.27,8.6325,10.28,9.97772727273
1991-08-01,7.9,8.52,10.03,9.74142857143
1991-09-01,7.65,8.455,9.64,9.441
1991-10-01,7.53,8.3475,9.72,9.00681818182
1991-11-01,7.42,8.315,9.77,8.5735
1991-12-01,7.09,8.2125,9.66,8.4135
1992-01-01,7.03,7.9475,9.46,8.14045454545
1992-02-01,7.34,7.92,9.3,8.387
1992-03-01,7.54,8.0275,9.68,8.745
1992-04-01,7.48,8.035,9.43,8.78857142857
1992-05-01,7.39,8.075,9.02,8.545
1992-06-01,7.26,8.0675,9.12,8.23863636364
1992-07-01,6.84,8.125,9.05,7.72681818182
1992-08-01,6.59,8.04,9.35,7.2935
1992-09-01,6.42,7.6525,9.19,7.47428571429
1992-10-01,6.59,7.4525,8.65,7.6780952381
1992-11-01,6.87,7.36,8.19,7.856
1992-12-01,6.77,7.32,8.32,7.86142857143
1993-01-01,6.6,7.1325,8.29,7.969
1993-02-01,6.26,6.905,7.95,7.6585
1993-03-01,5.98,6.6375,7.72,7.44391304348
1993-04-01,5.97,6.6775,7.89,7.46857142857
1993-05-01,6.04,6.83,8.15,7.566
1993-06-01,5.96,6.8075,7.96,7.45545454545
1993-07-01,5.81,6.6075,7.62,7.20380952381
1993-08-01,5.68,6.3725,7.07,6.95428571429
1993-09-01,5.36,6.19,6.96,6.88142857143
1993-10-01,5.33,5.985,6.87,6.7975
1993-11-01,5.72,5.9825,6.85,6.84904761905
1993-12-01,5.77,5.83,6.4253,6.69333333333
1994-01-01,5.75,5.815,6.3794,6.464
1994-02-01,5.97,6.135,6.7572,6.7065
1994-03-01,6.48,6.345,7.417,7.46565217391
1994-04-01,6.97,6.607,7.8401,8.08
1994-05-01,7.18,6.6635,8.2825,8.44047619048
1994-06-01,7.1,7.05238095238,8.7105,8.99863636364
1994-07-01,7.3,6.89619047619,8.533,9.1455
1994-08-01,7.24,7.08956521739,8.6524,8.89636363636
1994-09-01,7.46,7.51545454545,8.8959,8.90285714286
1994-10-01,7.74,7.5415,8.7797,9.062
1994-11-01,7.96,7.49142857143,8.6361,9.15142857143
1994-12-01,7.81,7.46095238095,8.5814,9.065
1995-01-01,7.78,7.59590909091,8.7349,9.34952380952
1995-02-01,7.47,7.424,8.6557,8.9015
1995-03-01,7.2,7.27739130435,8.5938,8.64217391304
1995-04-01,7.06,7.08833333333,8.4378,8.41684210526
1995-05-01,6.63,6.86238095238,8.1802,8.06045454545
1995-06-01,6.17,6.783,8.1097,7.85818181818
1995-07-01,6.28,6.86238095238,8.2613,8.076
1995-08-01,6.49,6.74608695652,8.1169,8.26409090909
1995-09-01,6.2,6.58523809524,7.9486,7.9285
1995-10-01,6.04,6.56523809524,8.0967,7.72095238095
1995-11-01,5.93,6.34181818182,7.7752,7.47380952381
1995-12-01,5.71,6.07473684211,7.4926,7.24947368421
1996-01-01,5.65,5.88727272727,7.4408,7.09181818182
1996-02-01,5.81,6.20428571429,7.7618,7.24047619048
1996-03-01,6.27,6.44523809524,8.057,7.6219047619
1996-04-01,6.51,6.377,8.0602,7.69952380952
1996-05-01,6.74,6.446,8.0871,7.76818181818
1996-06-01,6.91,6.55894736842,8.054,7.8095
1996-07-01,6.87,6.47869565217,7.9162,7.71181818182
1996-08-01,6.64,6.30227272727,7.8219,7.30571428571
1996-09-01,6.83,6.22666666667,7.8151,7.3385
1996-10-01,6.53,6.00863636364,7.5413,6.64454545455
1996-11-01,6.2,5.85952380952,7.5952,6.135
1996-12-01,6.3,5.79,7.5716,6.392
1997-01-01,6.58,5.80409090909,7.5552,6.63272727273
1997-02-01,6.42,5.5445,7.1962,6.3035
1997-03-01,6.69,5.71526315789,7.4544,6.5395
1997-04-01,6.89,5.86681818182,7.638,6.78454545455
1997-05-01,6.71,5.76111111111,7.1681,6.57333333333
1997-06-01,6.49,5.71857142857,7.1418,6.27142857143
1997-07-01,6.22,5.55652173913,7.0577,5.96318181818
1997-08-01,6.3,5.66,7.0893,5.9945
1997-09-01,6.21,5.59272727273,6.8216,5.87619047619
1997-10-01,6.03,5.57818181818,6.5109,5.60909090909
1997-11-01,5.88,5.5565,6.624,5.50315789474
1997-12-01,5.81,5.32736842105,6.3739,5.66571428571
1998-01-01,5.54,5.11238095238,6.0978,5.36047619048
1998-02-01,5.57,4.989,6.0461,5.434
1998-03-01,5.65,4.89954545455,5.992,5.42727272727
1998-04-01,5.64,4.902,5.8249,5.31238095238
1998-05-01,5.65,4.96473684211,5.8648,5.387
1998-06-01,5.5,4.7985,5.7743,5.31863636364
1998-07-01,5.46,4.6847826087,5.8319,5.34772727273
1998-08-01,5.34,4.42523809524,5.5706,5.565
1998-09-01,4.81,4.06090909091,5.151,5.24666666667
1998-10-01,4.53,4.06454545455,5.0114,4.9080952381
1998-11-01,4.83,4.12047619048,4.9292,5.169
1998-12-01,4.65,3.8635,4.5175,4.87238095238
1999-01-01,4.72,3.702,4.2868,4.9465
1999-02-01,5,3.849,4.4319,5.124
1999-03-01,5.23,4.03782608696,4.6554,5.22043478261
1999-04-01,5.18,3.85,4.592,5.02952380952
1999-05-01,5.54,4.01210526316,4.9068,5.3595
1999-06-01,5.9,4.36047619048,5.1716,5.58090909091
1999-07-01,5.79,4.67636363636,5.3721,5.49095238095
1999-08-01,5.94,4.87909090909,5.4312,5.75571428571
1999-09-01,5.92,5.04045454545,5.6909,5.72142857143
1999-10-01,6.11,5.29238095238,5.8801,6.0895
1999-11-01,6.03,5.04,5.3145,6.03476190476
1999-12-01,6.28,5.14761904762,5.389,6.14
2000-01-01,6.66,5.53952380952,5.8227,6.4915
2000-02-01,6.52,5.50857142857,5.6347,6.33857142857
2000-03-01,6.26,5.33304347826,5.3707,6.02826086957
2000-04-01,5.99,5.22555555556,5.3213,5.92421052632
2000-05-01,6.44,5.37818181818,5.4033,6.215
2000-06-01,6.1,5.19136363636,5.2097,5.89545454545
2000-07-01,6.05,5.26619047619,5.2388,5.8635
2000-08-01,5.83,5.21043478261,5.3312,5.76636363636
2000-09-01,5.8,5.26333333333,5.3873,5.7295
2000-10-01,5.74,5.20714285714,5.2179,5.72333333333
2000-11-01,5.72,5.15363636364,5.0983,5.72714285714
2000-12-01,5.24,4.89052631579,4.9118,5.40210526316
2001-01-01,5.16,4.80318181818,4.8471,5.41863636364
2001-02-01,5.1,4.7775,4.8248,5.43
2001-03-01,4.89,4.66772727273,4.703,5.30136363636
2001-04-01,5.14,4.82789473684,4.9468,5.5915
2001-05-01,5.39,5.04681818182,5.1153,5.85136363636
2001-06-01,5.28,5,5.1951,5.7180952381
2001-07-01,5.24,5.01590909091,5.2037,5.80047619048
2001-08-01,4.97,4.82391304348,4.9854,5.53090909091
2001-09-01,4.73,4.813,4.9876,5.30263157895
2001-10-01,4.57,4.59956521739,4.8253,5.23272727273
2001-11-01,4.65,4.44772727273,4.6271,5.17714285714
2001-12-01,5.09,4.73588235294,4.8928,5.40842105263
2002-01-01,5.04,4.86272727273,4.9171,5.34363636364
2002-02-01,4.91,4.9195,4.9251,5.321
2002-03-01,5.28,5.161,5.2202,5.667
2002-04-01,5.21,5.15523809524,5.2331,5.65863636364
2002-05-01,5.16,5.16772727273,5.2689,5.59590909091
2002-06-01,4.93,5.0175,5.099,5.424
2002-07-01,4.65,4.86739130435,5.0027,5.29045454545
2002-08-01,4.26,4.58954545455,4.746,5.12047619048
2002-09-01,3.87,4.38523809524,4.5006,4.8855
2002-10-01,3.94,4.46391304348,4.616,5.12727272727
2002-11-01,4.05,4.47761904762,4.6378,5.0895
2002-12-01,4.03,4.33555555556,4.5644,4.9675
2003-01-01,4.05,4.18,4.3899,4.96181818182
2003-02-01,3.9,3.955,4.2131,5.012
2003-03-01,3.81,4.00047619048,4.3243,4.99714285714
2003-04-01,3.96,4.147,4.4663,5.0519047619
2003-05-01,3.57,3.81523809524,4.2197,4.6719047619
2003-06-01,3.33,3.61666666667,4.1127,4.2880952381
2003-07-01,3.98,3.97260869565,4.4078,4.68318181818
2003-08-01,4.45,4.13,4.604,4.902
2003-09-01,4.27,4.17136363636,4.7132,4.75714285714
2003-10-01,4.29,4.22130434783,4.9071,4.81545454545
2003-11-01,4.3,4.353,5.065,4.85684210526
2003-12-01,4.27,4.29105263158,4.896,4.72904761905
2004-01-01,4.15,4.17095238095,4.7875,4.58619047619
2004-02-01,4.08,4.11,4.8056,4.4515
2004-03-01,3.83,3.91347826087,4.7088,4.26043478261
2004-04-01,4.35,4.097,4.957,4.61285714286
2004-05-01,4.72,4.25333333333,5.1118,4.773
2004-06-01,4.73,4.31272727273,5.2,4.93272727273
2004-07-01,4.5,4.23681818182,5.1083,4.75
2004-08-01,4.28,4.08045454545,5.0071,4.63095238095
2004-09-01,4.13,4.01636363636,4.9109,4.60238095238
2004-10-01,4.1,3.89476190476,4.7683,4.55
2004-11-01,4.19,3.78045454545,4.6903,4.48476190476
2004-12-01,4.23,3.57952380952,4.5316,4.32047619048
2005-01-01,4.22,3.56476190476,4.5419,4.2605
2005-02-01,4.17,3.544,4.5884,4.205
2005-03-01,4.5,3.69619047619,4.796,4.35818181818
2005-04-01,4.34,3.48238095238,4.6218,4.19380952381
2005-05-01,4.14,3.30409090909,4.4173,4.07380952381
2005-06-01,4,3.12636363636,4.2847,3.82818181818
2005-07-01,4.18,3.20571428571,4.3011,3.8995
2005-08-01,4.26,3.23260869565,4.3249,3.92045454545
2005-09-01,4.2,3.06772727273,4.2109,3.86857142857
2005-10-01,4.46,3.23857142857,4.3482,4.047
2005-11-01,4.54,3.44818181818,4.3129,4.10714285714
2005-12-01,4.47,3.33761904762,4.2186,4.041
2006-01-01,4.42,3.32136363636,4.0752,4.02904761905
2006-02-01,4.57,3.4725,4.1543,4.17
2006-03-01,4.72,3.63739130435,4.3177,4.19956521739
2006-04-01,4.99,3.895,4.5177,4.41578947368
2006-05-01,5.11,3.96272727273,4.6488,4.39954545455
2006-06-01,5.11,3.96045454545,4.6645,4.44136363636
2006-07-01,5.09,4.01,4.656,4.444
2006-08-01,4.88,3.88391304348,4.6535,4.25272727273
2006-09-01,4.72,3.75380952381,4.5522,4.06857142857
2006-10-01,4.73,3.78772727273,4.6155,4.10666666667
2006-11-01,4.6,3.71409090909,4.5452,3.99952380952
2006-12-01,4.56,3.77052631579,4.6195,3.96631578947
2007-01-01,4.76,4.01681818182,4.8694,4.12181818182
2007-02-01,4.72,4.049,4.896,4.1175
2007-03-01,4.56,3.94090909091,4.8194,4.04590909091
2007-04-01,4.69,4.15210526316,5.0439,4.1715
2007-05-01,4.75,4.27904761905,5.1458,4.29272727273
2007-06-01,5.1,4.56047619048,5.4321,4.61285714286
2007-07-01,5,4.505,5.4084,4.59
2007-08-01,4.67,4.29652173913,5.1499,4.42863636364
2007-09-01,4.52,4.226,4.9928,4.35631578947
2007-10-01,4.53,4.28260869565,4.9576,4.36272727273
2007-11-01,4.15,4.08909090909,4.7263,4.12142857143
2007-12-01,4.1,4.20588235294,4.6937,4.01578947368
2008-01-01,3.74,4.02772727273,4.4925,3.84818181818
2008-02-01,3.74,3.95285714286,4.6234,3.828
2008-03-01,3.51,3.79947368421,4.445,3.509
2008-04-01,3.68,4.04,4.6432,3.62863636364
2008-05-01,3.88,4.2019047619,4.8683,3.62142857143
2008-06-01,4.1,4.52047619048,5.2103,3.76
2008-07-01,4.01,4.49043478261,5.0494,3.75045454545
2008-08-01,3.89,4.20238095238,4.7267,3.5915
2008-09-01,3.69,4.09409090909,4.5701,3.54095238095
2008-10-01,3.81,3.88347826087,4.5789,3.66818181818
2008-11-01,3.53,3.5565,4.2571,3.57157894737
2008-12-01,2.42,3.04789473684,3.6238,2.94571428571
2009-01-01,2.52,3.07095238095,3.6699,2.81238095238
2009-02-01,2.87,3.1275,3.6899,2.96052631579
2009-03-01,2.82,3.01954545455,3.2497,2.88590909091
2009-04-01,2.93,3.133,3.4072,2.95428571429
2009-05-01,3.29,3.371,3.6206,3.202
2009-06-01,3.72,3.47363636364,3.7221,3.45909090909
2009-07-01,3.56,3.33782608696,3.8238,3.42909090909
2009-08-01,3.59,3.30523809524,3.7142,3.4645
2009-09-01,3.4,3.26318181818,3.6566,3.36571428571
2009-10-01,3.39,3.20909090909,3.5699,3.42523809524
2009-11-01,3.4,3.21714285714,3.7592,3.3925
2009-12-01,3.59,3.1385,3.8871,3.41619047619
2010-01-01,3.73,3.2575,4.0025,3.485
2010-02-01,3.69,3.17,4.0624,3.42368421053
2010-03-01,3.73,3.10217391304,4.0915,3.49043478261
2010-04-01,3.85,3.0645,4.1007,3.67
2010-05-01,3.42,2.73428571429,3.7772,3.4455
2010-06-01,3.2,2.54318181818,3.6007,3.29772727273
2010-07-01,3.01,2.61590909091,3.5087,3.18523809524
2010-08-01,2.7,2.35,3.233,2.94952380952
2010-09-01,2.65,2.30045454545,3.1271,2.88142857143
2010-10-01,2.54,2.34571428571,3.0685,2.766
2010-11-01,2.76,2.53272727273,3.311,3.02238095238
2010-12-01,3.29,2.91476190476,3.6098,3.20476190476
2011-01-01,3.39,3.01666666667,3.7273,3.253
2011-02-01,3.58,3.199,3.8799,3.41736842105
2011-03-01,3.41,3.21173913043,3.7386,3.26652173913
2011-04-01,3.46,3.34052631579,3.7619,3.328
2011-05-01,3.17,3.06090909091,3.5053,3.1519047619
2011-06-01,3,2.89090909091,3.4144,2.98772727273
2011-07-01,3,2.74380952381,3.3137,2.9385
2011-08-01,2.3,2.21347826087,2.7833,2.44636363636
2011-09-01,1.98,1.82909090909,2.504,2.19666666667
2011-10-01,2.15,2.00238095238,2.529,2.296
2011-11-01,2.01,1.87409090909,2.2917,2.12238095238
2011-12-01,1.98,1.92761904762,2.1828,1.992
2012-01-01,1.97,1.82090909091,2.1104,1.98
2012-02-01,1.97,1.8519047619,2.2191,2.021
2012-03-01,2.17,1.83045454545,2.323,2.10681818182
2012-04-01,2.05,1.62421052632,2.2117,2.0645
2012-05-01,1.8,1.33681818182,1.9416,1.92227272727
2012-06-01,1.62,1.30047619048,1.7698,1.74761904762
2012-07-01,1.53,1.24227272727,1.6523,1.65619047619
2012-08-01,1.68,1.34173913043,1.6735,1.82681818182
2012-09-01,1.72,1.4905,1.7222,1.83789473684
2012-10-01,1.75,1.46695652174,1.7721,1.81181818182
2012-11-01,1.65,1.33590909091,1.7741,1.7380952381
2012-12-01,1.72,1.29941176471,1.8467,1.76789473684
2013-01-01,1.91,1.51227272727,2.0795,1.93136363636
2013-02-01,1.98,1.5435,2.1781,1.96789473684
2013-03-01,1.96,1.3545,1.9768,1.8515
2013-04-01,1.76,1.19619047619,1.7824,1.74863636364
2013-05-01,1.93,1.29409090909,1.9462,1.90181818182
2013-06-01,2.3,1.5305,2.3063,2.2445
2013-07-01,2.58,1.56565217391,2.471,2.43818181818
2013-08-01,2.74,1.735,2.7088,2.61142857143
2013-09-01,2.81,1.8880952381,2.8443,2.698
2013-10-01,2.62,1.76217391304,2.6784,2.51818181818
2013-11-01,2.72,1.67714285714,2.7598,2.5585
2013-12-01,2.9,1.79777777778,2.9458,2.6735
2014-01-01,2.86,1.75590909091,2.91,2.53409090909
2014-02-01,2.71,1.5585,2.8147,2.42
2014-03-01,2.72,1.50857142857,2.7837,2.45428571429
2014-04-01,2.71,1.4565,2.7417,2.44476190476
2014-05-01,2.56,1.32714285714,2.6989,2.31523809524
2014-06-01,2.6,1.26428571429,2.7842,2.29857142857
2014-07-01,2.54,1.11434782609,2.7343,2.19454545455
2014-08-01,2.42,0.95619047619,2.5347,2.062
2014-09-01,2.53,0.921363636364,2.4919,2.18095238095
2014-10-01,2.3,0.790909090909,2.2469,2.01045454545
2014-11-01,2.33,0.719,2.1593,2.00315789474
2014-12-01,2.21,0.588947368421,1.9287,1.8519047619
2015-01-01,1.88,0.39,1.589,1.52571428571
2015-02-01,1.98,0.302,1.7365,1.37947368421
2015-03-01,2.04,0.227272727273,1.7941,1.42136363636
2015-04-01,1.94,0.122,1.755,1.41095238095
2015-05-01,2.2,0.555789473684,2.0243,1.744
2015-06-01,2.36,0.792727272727,2.1696,1.78
2015-07-01,2.32,0.71,2.1353,1.56954545455
2015-08-01,2.17,0.608571428571,1.9799,1.3915
2015-09-01,2.17,0.654090909091,1.8814,1.48142857143
2015-10-01,2.07,0.518181818182,1.846,1.46333333333
2015-11-01,2.26,0.51619047619,1.9779,1.6335
2015-12-01,2.24,0.5455,1.9234,1.45952380952
2016-01-01,2.09,0.4305,1.7833,1.258
2016-02-01,1.78,0.172857142857,1.5032,1.1245
2016-03-01,1.89,0.171428571429,1.5434,1.26818181818
2016-04-01,1.81,0.134285714286,1.5688,1.33619047619
2016-05-01,1.81,0.132857142857,1.5366,1.35
2016-06-01,1.64,-0.0168181818182,1.3105,1.16818181818
2016-07-01,1.5,-0.154285714286,0.9569,1.051
2016-08-01,1.56,-0.131739130435,0.7421,1.04272727273
2016-09-01,1.63,-0.0840909090909,0.8243,1.08619047619
2016-10-01,1.76,0.002,1.078,1.1665
2016-11-01,2.14,0.189090909091,1.3818,1.43761904762
2016-12-01,2.49,0.251904761905,1.4336,1.732
2017-01-01,2.43,0.250909090909,1.4203,1.72238095238
2017-02-01,2.42,0.258,1.3058,1.70210526316
2017-03-01,2.48,0.348260869565,1.194,1.71434782609
2017-04-01,2.3,0.225555555556,1.0789,1.52315789474
2017-05-01,2.3,0.336363636364,1.1175,1.51318181818
2017-06-01,2.19,0.250476190476,1.0846,1.50272727273
2017-07-01,2.32,0.455714285714,1.2713,1.908
2017-08-01,2.21,0.346086956522,1.1241,1.88363636364
2017-09-01,2.2,0.347142857143,1.2436,2.0495
2017-10-01,2.36,0.3725,1.3816,2.05095238095
2017-11-01,2.35,0.308181818182,1.3299,1.91857142857
2017-12-01,2.4,0.296842105263,1.2781,1.91526315789
2018-01-01,2.58,0.474545454545,1.3931,2.19818181818
2018-02-01,2.86,0.659,1.6034,2.32421052632
2018-03-01,2.84,0.529523809524,1.508,2.18857142857
2018-04-01,2.87,0.48,1.5108,2.24904761905
2018-05-01,2.98,0.45,1.5016,2.37545454545
2018-06-01,2.91,0.327142857143,1.4229,2.20904761905
2018-07-01,2.89,0.274545454545,1.3739,2.18714285714
2018-08-01,2.89,0.290869565217,1.3991,2.29545454545
2018-09-01,3,0.3705,1.5023,2.35368421053
2018-10-01,3.15,0.399090909091,1.5462,2.48863636364
2018-11-01,3.12,0.314090909091,1.4541,2.40761904762
2018-12-01,2.83,0.187058823529,1.3125,2.05789473684
2019-01-01,2.71,0.132727272727,1.3221,1.95363636364
2019-02-01,2.68,0.0555,1.239,1.90736842105
2019-03-01,2.57,0.0109523809524,1.19,1.71238095238
2019-04-01,2.53,-0.0395,1.1906,1.72428571429
2019-05-01,2.4,-0.134545454545,1.13,1.66454545455
2019-06-01,2.07,-0.315263157895,0.919,1.4625
2019-07-01,2.06,-0.388260869565,0.8304,1.51909090909
2019-08-01,1.63,-0.649090909091,0.5776,1.20523809524
2019-09-01,1.7,-0.594761904762,0.5981,1.364
2019-10-01,1.71,-0.469545454545,0.6373,1.44954545455
2019-11-01,1.81,-0.352380952381,0.765,1.4995
2019-12-01,1.86,-0.299444444444,0.8308,1.6045
2020-01-01,1.76,-0.313636363636,0.7235,1.49227272727
2020-02-01,1.5,-0.466,0.633,1.29473684211
2020-03-01,0.87,-0.541363636364,0.4609,0.819090909091
2020-04-01,0.66,-0.4495,0.3577,0.657142857143
2020-05-01,0.67,-0.5165,0.2743,0.551
2020-06-01,0.73,-0.434285714286,0.278,0.561363636364
2020-07-01,0.62,-0.523043478261,0.2094,0.516363636364
2020-08-01,0.65,-0.523333333333,0.2717,0.5635
2020-09-01,0.68,-0.524090909091,0.273,0.559523809524
2020-10-01,0.79,-0.607272727273,0.3058,0.602857142857
2020-11-01,0.87,-0.614761904762,0.3836,0.6885
2020-12-01,0.93,-0.6185,0.3224,0.730952380952
2021-01-01,1.08,-0.5835,0.3672,0.8055
2021-02-01,1.26,-0.4455,0.6222,1.09947368421
2021-03-01,1.61,-0.364782608696,0.8456,1.49652173913
2021-04-01,1.64,-0.325,0.8515,1.51619047619
2021-05-01,1.62,-0.2235,0.9058,1.524
2021-06-01,1.52,-0.288636363636,0.8549,1.425
2021-07-01,1.32,-0.451363636364,0.6979,1.25142857143
2021-08-01,1.28,-0.538636363636,0.644,1.1919047619
2021-09-01,1.37,-0.362727272727,0.8023,1.263
2021-10-01,1.58,-0.204285714286,1.083,1.597
2021-11-01,1.56,-0.313636363636,0.9394,1.68571428571
2021-12-01,1.47,-0.384285714286,0.8375,1.45
2022-01-01,1.76,-0.114761904762,1.2051,1.759
2022-02-01,1.93,0.15,1.4891,1.87947368421
2022-03-01,2.13,0.281739130435,1.5457,2.13217391304
2022-04-01,2.75,0.746315789474,1.8362,2.704
2022-05-01,2.9,0.952727272727,1.9069,2.91857142857
2022-06-01,3.14,1.445,2.3824,3.31545454545
2022-07-01,2.9,1.0819047619,2.1454,3.04315789474
2022-08-01,2.9,1.03434782609,2.3278,2.85909090909
2022-09-01,3.52,1.79545454545,3.5007,3.14789473684
2022-10-01,3.98,2.18666666667,4.1096,3.38052631579
2022-11-01,3.89,2.06636363636,3.4171,3.16619047619
2022-12-01,3.62,2.08523809524,3.5015,2.9415
2023-01-01,3.53,2.19272727273,3.5115,2.93761904762
2023-02-01,3.75,2.3705,3.5553,3.17421052632
2023-03-01,3.66,2.38347826087,3.5638,2.99347826087
2023-04-01,3.46,2.35944444444,3.6503,2.91611111111
2023-05-01,3.57,2.34227272727,3.9621,3.04545454545
2023-06-01,3.75,2.37636363636,4.3659,3.33818181818
2023-07-01,3.9,2.45666666667,4.4372,3.452
2023-08-01,4.17,2.54565217391,4.5298,3.65409090909
2023-09-01,4.38,2.66142857143,4.4199,3.816
2023-10-01,4.8,2.82318181818,4.5695,4.062
2023-11-01,4.5,2.60136363636,4.2721,3.71095238095
2023-12-01,4.02,2.10210526316,3.8622,3.23421052632
2024-01-01,4.06,2.17454545455,3.9319,3.34636363636
2024-02-01,4.21,2.3319047619,4.123,3.504
2024-03-01,4.21,2.3495,4.033,3.444
2024-04-01,4.54,2.4457142857,4.2172,3.69590909091
2024-05-01,4.48,2.5195454545,4.2229,3.64181818182
2024-06-01,4.31,2.4845,4.1644,3.3915
2024-07-01,4.25,2.4582608696,4.1386,3.40772727273
2024-08-01,3.87,2.2077272727,3.9444,3.0715
2024-09-01,3.72,2.1671428571,3.9053,2.94444444444
2024-10-01,4.1,2.2295652174,4.1993,3.18636363636
2024-11-01,4.36,2.3057142857,4.4164,3.2785
2024-12-01,4.39,2.1788888889,4.4345,3.1615
2025-01-01,4.63,2.4836363636,4.6627,3.28863636364
2025-02-01,4.45,2.4055,4.5063,3.05631578947
2025-03-01,4.28,2.7414285714,4.6448,3.01047619048
2025-04-01,4.28,2.5105,4.5762,3.10857142857
2025-05-01,4.42,2.5628571429,4.6004,3.22142857143
2025-06-01,4.38,2.519047619,4.5248,3.314
2025-07-01,4.39,2.6313043478,4.5924,3.48045454545
2025-08-01,4.26,2.6733333333,4.6369,3.4225
2025-09-01,4.12,2.6931818182,4.6885,3.2245
2025-10-01,4.06,2.617826087,4.5721,3.12818181818
2025-11-01,4.09,2.6575,4.4985,3.17421052632
2025-12-01,4.14,2.8142105263,4.4826,3.38761904762
2026-01-01,4.21,2.8066666667,4.451,3.40238095238
2026-02-01,4.13,2.745,4.4324,3.28842105263
2026-03-01,4.25,2.91,4.7007,3.44090909091
2026-04-01,4.32,3.001,4.8207,3.51833333333
2026-05-01,4.48,3.0465,4.9416,3.5415
2026-06-01,4.47,2.96409090909,4.796,3.38833333333
2026-07-01,4.6,3.07043478261,4.9318,3.54727272727
2026-08-01,4.68,3.18,4.9886,3.675
